ref	uso	seccion	otra	estado	huella
820E20D0	dir	.text	820E20D0	exacta	175579de1c217807
820E2128	dir	.text	820E2128	exacta	7101860f1442a6ab
820E9238	dir	.text	820E9238	exacta	cc25968ccbbcf30b
820EF178	dir	.text	820EF178	exacta	3ea667e4baea6d97
820F7EB8	dir	.text	820F7EB8	exacta	03a57ce330b3a625
821008B4	dir	.text	821008B4	exacta	f49f553841dafcc0
8210DA60	dir	.text	8210DA60	exacta	8c2fb9f854682e38
82115148	dir	.text	82115148	exacta	0b956902be28d5e5
82115518	fin	.text	82115518	exacta	-
8211A428	dir	.text	8211A428	exacta	db41d0dde303507c
8211DB08	dir	.text	8211DB08	exacta	80acea3a136bdcc2
8212F610	dir	.text	8212F610	exacta	ffb86524b739c49e
8212F618	dir	.text	8212F618	exacta	7335e3a5a89a9321
8212F620	dir	.text	8212F620	exacta	7c2ccc65035228c8
8212F628	dir	.text	8212F628	exacta	2c45309ea08ee275
8212F630	dir	.text	8212F630	exacta	ffb86524b739c49e
8212F638	dir	.text	8212F638	exacta	7335e3a5a89a9321
8212F640	dir	.text	8212F640	exacta	7c2ccc65035228c8
8212F648	dir	.text	8212F648	exacta	2c45309ea08ee275
8212F650	dir	.text	8212F650	exacta	ffb86524b739c49e
8212F658	dir	.text	8212F658	exacta	7335e3a5a89a9321
8212F660	dir	.text	8212F660	exacta	7c2ccc65035228c8
8212F668	dir	.text	8212F668	exacta	2c45309ea08ee275
8212F670	dir	.text	8212F670	exacta	ffb86524b739c49e
8212F678	dir	.text	8212F678	exacta	77b9cc5881e028ff
8212F680	dir	.text	8212F680	exacta	e6b0eeb4a0b62bc1
8212F688	dir	.text	8212F688	exacta	92c9111f649a8383
8212F690	dir	.text	8212F690	exacta	6f1b419a7c73388b
8212F698	dir	.text	8212F698	exacta	6dad77dbe851dbd1
8212F6A0	dir	.text	8212F6A0	exacta	e46313e4b978fc4e
8212F6A8	dir	.text	8212F6A8	exacta	372b0cbb9c6f3eb9
8212F6B0	dir	.text	8212F6B0	exacta	220c708a42cd2d7a
8212F6B8	dir	.text	8212F6B8	exacta	d99fef02d063d19a
821348F0	dir	.text	821348F0	exacta	53493a9442aa2812
82134970	dir	.text	82134970	exacta	19865c439e53194b
82134A50	dir	.text	82134A50	exacta	be817d6a38bab9e6
821351E0	dir	.text	821351E0	exacta	b10ff56750cdb9cb
82135F98	dir	.text	82135F98	exacta	4e2a2bac6d43492b
82136798	fin	.text	82136798	exacta	-
82138138	dir	.text	82138138	exacta	85cb1f0477e876ec
8213DE58	dir	.text	8213DE58	exacta	ffea82580454dd37
8213ED40	dir	.text	8213ED40	exacta	90ab7f9ab2c04ecb
82141838	dir	.text	82141838	exacta	e98487597a5de175
821430F0	dir	.text	821430F0	exacta	1d2ae8c20cbebca5
82147118	dir	.text	82147118	exacta	214f54af499ee3b9
82147168	dir	.text	82147168	exacta	f0f378dc2b5aa2ae
82147D38	dir	.text	82147D38	exacta	c882c2de348e5d5e
8214AEC0	dir	.text	8214AEC0	exacta	ef3f7602b14bb659
8214B39C	dir	.text	8214B39C	exacta	4a932625a0481a35
8214D3C0	dir	.text	8214D3C0	exacta	aa3e4826ffbd70a9
821582E8	dir	.text	821582E8	exacta	5dec204ac01d742a
821593D8	fin	.text	821593D8	exacta	-
8215D330	dir	.text	8215D330	exacta	02d3a36dfdadf10a
8215D480	dir	.text	8215D480	exacta	f89cd319c6b2126b
8215D508	fin	.text	8215D508	exacta	-
8215FEA8	dir	.text	8215FEA8	exacta	a046300caf929e3b
82165620	dir	.text	82165620	exacta	92bc4185cb9bcd37
82165C74	dir	.text	82165C74	exacta	3de860fb4b508f36
8216A2B8	dir	.text	8216A2B8	exacta	887b2959b762cc82
8216C008	dir	.text	8216C008	exacta	887b2959b762cc82
8216CC20	dir	.text	8216CC20	exacta	887b2959b762cc82
8216D880	dir	.text	8216D880	exacta	887b2959b762cc82
8216ECA0	dir	.text	8216ECA0	exacta	887b2959b762cc82
821751E0	dir	.text	821751E0	exacta	52a462595af858e9
82175510	fin	.text	82175510	exacta	-
8217980C	dir	.text	8217980C	exacta	c80ef24b1a5df892
8217DA68	dir	.text	8217DA68	exacta	8bc94b7462b34722
8217EF54	dir	.text	8217EF54	exacta	04a6cca82e592022
8217EF68	dir	.text	8217EF68	exacta	6d94774f5aa047e3
8217F000	fin	.text	8217F000	exacta	-
8217F2C8	dir	.text	8217F2C8	exacta	385eb83abef67bf6
8217F2D8	dir	.text	8217F2D8	exacta	ab0dc2dd8295ffc3
8217F390	dir	.text	8217F390	exacta	08269ce1de236e7e
8217F390	fin	.text	8217F390	exacta	-
8217F4E0	fin	.text	8217F4E0	exacta	-
8217F61C	dir	.text	8217F61C	exacta	2705f90abe803540
8217FDA8	dir	.text	8217FDA8	exacta	f32cdb238fc3b324
8217FDD0	dir	.text	8217FDD0	exacta	769b2ea5abb5e167
8217FDF8	dir	.text	8217FDF8	exacta	c6c337b5594d70ac
82180518	dir	.text	82180518	exacta	9efcdc1873cae2cc
82183970	dir	.text	82183970	exacta	22673450605b11a6
8218B188	dir	.text	8218B188	exacta	b9fd87bb05367e4b
8218B2D8	dir	.text	8218B2D8	exacta	5f62d2abae274e63
8218B3B0	dir	.text	8218B3B0	exacta	a98d95205968955d
8218B408	dir	.text	8218B408	exacta	19ae2ba6c60098a6
8218B438	dir	.text	8218B438	exacta	2590470e1dd324c8
8218BFB8	dir	.text	8218BFB8	exacta	6251f093d3f4f82b
8218C65C	dir	.text	8218C65C	exacta	875109dd55d156a0
8218DAC0	dir	.text	8218DAC0	exacta	ed8cb1bb2c36d1a7
82192ED8	dir	.text	82192ED8	exacta	519f8a1997f170ce
821932F0	dir	.text	821932F0	exacta	31fde1e46a301cf8
82193400	dir	.text	82193400	exacta	61c0014136873068
82193F2C	dir	.text	82193F2C	exacta	b848d9e2974b4f53
821941FC	dir	.text	821941FC	exacta	68ac86bf3e73aadc
82194B24	dir	.text	82194B24	exacta	b7ca4f05cf5b9197
821A0498	dir	.text	821A0498	exacta	0f0647d38d2780ed
821AB470	dir	.text	821AB470	exacta	d1fe3019c32af316
821AB5CC	dir	.text	821AB5CC	exacta	5d9eae9225124f33
821AC8C0	dir	.text	821AC8C0	exacta	a7695e67eeea73d0
821ACA48	fin	.text	821ACA48	exacta	-
821AFDD0	dir	.text	821AFDD0	exacta	dfefd35df591feac
821B33D8	dir	.text	821B33D8	exacta	acaa0ed81b47a858
821B6448	dir	.text	821B6448	exacta	9d113e53724adaa3
821B7694	dir	.text	821B7694	exacta	82ab9083f4cb6f39
821B7AD8	dir	.text	821B7AD8	exacta	3fd15565672d434f
821B8600	dir	.text	821B8600	exacta	6e202c502e609f72
821B9C70	dir	.text	821B9C70	exacta	704f4081fc5df603
821BB690	dir	.text	821BB690	exacta	6cf5c63402ddadbc
821BB6B8	dir	.text	821BB6B8	exacta	15451941da509caa
821BCA38	fin	.text	821BCA38	exacta	-
821BDDE0	dir	.text	821BDDE0	exacta	26864aff311ec602
821BE79C	dir	.text	821BE79C	exacta	a4f7d86962076abe
821C2C50	dir	.text	821C2C50	exacta	e0a2be6fc3ccc57e
821C57A8	dir	.text	821C57A8	exacta	6345b88a548e179f
821CAD64	dir	.text	821CAD64	exacta	d96e32d401ad1951
821CAECC	dir	.text	821CAECC	exacta	93db78b5b633c017
821CAFCC	dir	.text	821CAFCC	exacta	ff8c5bfb9230e15e
821CC178	dir	.text	821CC178	exacta	e90e1cdd4a7ea17e
821CC218	dir	.text	821CC218	exacta	83215f385c0ee74b
821CD80C	dir	.text	821CD80C	exacta	73eac335120027af
821CE39C	dir	.text	821CE39C	exacta	8aa0887dca26f8ee
821CE64C	dir	.text	821CE64C	exacta	725087b4cb15ca30
821CFDC0	dir	.text	821CFDC0	exacta	ea79ffd7433a119e
821D0C54	dir	.text	821D0C54	exacta	7a96aee39ca40d04
821D477C	dir	.text	821D477C	exacta	adac9b2a98336c32
821E4978	dir	.text	821E4978	exacta	c81e1d5d04fceff1
821E49A0	dir	.text	821E49A0	exacta	118485d941453e00
821EA848	dir	.text	821EA848	exacta	7e38172273fabcfb
821ECA58	dir	.text	821ECA58	exacta	5c3a38accf19c7b1
821EE69C	dir	.text	821EE69C	exacta	725a85dafff7df9b
821F1850	dir	.text	821F1850	exacta	5e0d878275502375
821F1D58	dir	.text	821F1D58	exacta	ab5969ceaa1a09ef
821F2C08	fin	.text	821F2C08	exacta	-
821F2C60	dir	.text	821F2C60	exacta	4fd41a341c216598
821F2ED8	dir	.text	821F2ED8	exacta	7075c80b3c941a2e
821F5A58	dir	.text	821F5A58	exacta	d3e0ed6f08d51a90
821F63B0	dir	.text	821F63B0	exacta	395f5aa817a12679
821F6464	dir	.text	821F6464	exacta	962aca3903a79f26
821FAA38	dir	.text	821FAA38	exacta	8cbd020e4c300e3b
821FB08C	dir	.text	821FB08C	exacta	9b229dd07c6b5ac9
821FB2A0	dir	.text	821FB2A0	exacta	3384b51ec6cff090
82200510	dir	.text	82200510	exacta	5d98cef833c4a879
82202468	dir	.text	82202468	exacta	c415cc22651ebb77
822028EC	dir	.text	822028EC	exacta	44240aa1b7616223
82202D6C	dir	.text	82202D6C	exacta	6ab39def55a6201e
82203B68	dir	.text	82203B68	exacta	f5d51628f5b64f63
82206644	dir	.text	82206644	exacta	7ea54e31ede3ac20
82208DC8	dir	.text	82208DC8	exacta	0fd3233b239f6f5d
8220B894	dir	.text	8220B894	exacta	119a8f1258e76e1f
8220C090	dir	.text	8220C090	exacta	322f6568512ac96b
8220E370	dir	.text	8220E370	exacta	03c5d3ded6ea64bf
8220E700	dir	.text	8220E700	exacta	6bee1d6a010fb4ee
8220E700	fin	.text	8220E700	exacta	-
8220E858	fin	.text	8220E858	exacta	-
8220F7E8	dir	.text	8220F7E8	exacta	43c31b84d1cf5c65
822108B8	dir	.text	822108B8	exacta	d01f4e57729cfdab
82210DB8	dir	.text	82210DB8	exacta	f07e4384808452c6
82211208	dir	.text	82211208	exacta	bb791db9b1923cd6
82211478	fin	.text	82211478	exacta	-
8221D198	dir	.text	8221D198	exacta	5721614a6239ef38
82220110	dir	.text	82220110	exacta	e6f1ca0f9254b83c
82224380	dir	.text	82224380	exacta	21c7f6e7e8815e1f
822246F0	dir	.text	822246F0	exacta	0f3308050b307f59
82225610	dir	.text	82225610	exacta	76af43a8396a0977
82225718	dir	.text	82225718	exacta	cfd859e56a263bee
82225B48	dir	.text	82225B48	exacta	0579a513459008d5
8222766C	dir	.text	8222766C	exacta	d2f76a68ffc324a9
8222CB18	dir	.text	8222CB18	exacta	582a784a5c4af332
822332A0	dir	.text	822332A0	exacta	4c51aaf05c6b9f81
8223B164	dir	.text	8223B164	exacta	a2e574b7f1b5a5f1
8223B7D4	dir	.text	8223B7D4	exacta	a2e574b7f1b5a5f1
8223C2D4	dir	.text	8223C2D4	exacta	0d723d806c98f862
8223D3EC	dir	.text	8223D3EC	exacta	99020b77d863791b
8223E200	dir	.text	8223E200	exacta	4ae111b6c5bfd157
8223E470	fin	.text	8223E470	exacta	-
8223E618	dir	.text	8223E618	exacta	5418dea56b483ab4
8223E808	dir	.text	8223E808	exacta	1e096fe7cad0847a
822440B0	dir	.text	822440B0	exacta	40fbfe9fe062c451
82244504	dir	.text	82244504	exacta	fb87a8b402026792
822448C8	dir	.text	822448C8	exacta	dc7db9fed0ce329a
8224565C	dir	.text	8224565C	exacta	8657d5118c4d7a48
82248DC4	dir	.text	82248DC4	exacta	7d4f63cbd64e7735
82249978	dir	.text	82249978	exacta	ef9dc1e574f9912c
8224A958	dir	.text	8224A958	exacta	50978d0609d110d5
8224B79C	dir	.text	8224B79C	exacta	78c6269ca0e4a2ab
8224DEFC	dir	.text	8224DEFC	exacta	78c6269ca0e4a2ab
822530A8	dir	.text	822530A8	exacta	8cb012f4f9e5b960
82253248	fin	.text	82253248	exacta	-
8225502C	dir	.text	8225502C	exacta	c8ea955017a115ca
82258684	dir	.text	82258684	exacta	6dd465a0eeb7dc63
8225AFF0	dir	.text	8225AFF0	exacta	ba8954899a3ea4be
8225CA28	dir	.text	8225CA28	exacta	52872f6b290b3d92
82260084	dir	.text	82260084	exacta	efff2a0f1dcb66e6
8226616C	dir	.text	8226616C	exacta	da35b1935c2b772d
82266AE0	dir	.text	82266AE0	exacta	7740df819cde57b4
8226A520	dir	.text	8226A520	exacta	902a1bb919344b95
8226B4C0	dir	.text	8226B4C0	exacta	00ccbe814e913aa5
8226DF88	dir	.text	8226DF88	exacta	2ed47d84a57b481d
82271034	dir	.text	82271034	exacta	8b8a713bd0aed4e6
82274284	dir	.text	82274284	exacta	11201c05527c69f5
82274368	dir	.text	82274368	exacta	cf06aef3f058c573
822757C4	dir	.text	822757C4	exacta	5ea6d51153aeef75
822760EC	dir	.text	822760EC	exacta	36619498dae4346a
82276770	dir	.text	82276770	exacta	dd2332e26a5efe2c
8227B930	dir	.text	8227B930	exacta	12919b43c1b7e2f3
8227E4F0	dir	.text	8227E4F0	exacta	0175cb912c584a66
8227E998	dir	.text	8227E998	exacta	e4ded8770b4de63b
8227EDD0	fin	.text	8227EDD0	exacta	-
822808DC	dir	.text	822808DC	exacta	347d9c2b06c9f591
82280AA8	dir	.text	82280AA8	exacta	33abe6e4c37fa3f4
82280CAC	dir	.text	82280CAC	exacta	46db3262a6f32741
82280D70	dir	.text	82280D70	exacta	7497e9edfc8e0716
82280F74	dir	.text	82280F74	exacta	dd90a16fb418ca19
82281124	dir	.text	82281124	exacta	6699563c00dc1417
8228120C	dir	.text	8228120C	exacta	e948a7abb8f99ce5
822812F4	dir	.text	822812F4	exacta	7af7de99ae0a27a8
8228140C	dir	.text	8228140C	exacta	03d6cbd60d36c18e
82281524	dir	.text	82281524	exacta	abf3e11398289ade
82281630	dir	.text	82281630	exacta	cb20721e92d3d0dc
822816B4	dir	.text	822816B4	exacta	6e13468ffc377c95
82281ECC	dir	.text	82281ECC	exacta	5d0c86f03a0f1169
8228242C	dir	.text	8228242C	exacta	3e147069dc7daf26
822841D8	dir	.text	822841D8	exacta	2a5d238752c9ae17
822856E4	dir	.text	822856E4	exacta	c5e49a031ad43f76
82285754	dir	.text	82285754	exacta	758433c9cd91ff0c
82289918	dir	.text	82289918	exacta	c6365bfbb3cfcad3
8228CC38	dir	.text	8228CC38	exacta	959a1a30d3c12eb3
8228CF88	fin	.text	8228CF88	exacta	-
8228D238	dir	.text	8228D238	exacta	b73215f1c4a8d635
8228DB0C	dir	.text	8228DB0C	exacta	aac1a438570d2725
8228E2CC	dir	.text	8228E2CC	exacta	bca99d97e6fc50de
8228F1B8	dir	.text	8228F1B8	exacta	87c298eeccfc5561
8228F858	fin	.text	8228F858	exacta	-
82291848	dir	.text	82291848	exacta	8772e6d2a5218661
82291CF8	dir	.text	82291CF8	exacta	30516c5ece28f3ea
822920B0	dir	.text	822920B0	exacta	33534d5ca5f8eace
82292D90	dir	.text	82292D90	exacta	80acea3a136bdcc2
82298F78	dir	.text	82298F78	exacta	b72dd35d3b3b8f6d
822A0E34	dir	.text	822A0E34	exacta	108445a8a967bcc6
822A6468	dir	.text	822A6468	exacta	5bf0b122ee97ee94
822A6BF4	dir	.text	822A6BF4	exacta	f9efa0eef48e7933
822A7C4C	dir	.text	822A7C4C	exacta	2db0e0f5f10cf655
822A9DC4	dir	.text	822A9DC4	exacta	fd3ebcf8735116fa
822ABD50	dir	.text	822ABD50	exacta	9fdb1c7a71ee0ccf
822AC63C	dir	.text	822AC63C	exacta	c53dec81d528c8b3
822AE0B8	dir	.text	822AE0B8	exacta	2478c92e07361851
822B1234	dir	.text	822B1234	exacta	b0e61f343ac1b61d
822B1B40	dir	.text	822B1B40	exacta	d89792089f515113
822BD810	dir	.text	822BD810	exacta	00dce54a5bfabd44
822BDA34	dir	.text	822BDA34	exacta	1985baa26bc6e0d8
822BF114	dir	.text	822BF114	exacta	fc689e1660d5e97f
822C20A8	dir	.text	822C20A8	exacta	2e75645e68689064
822C5B20	dir	.text	822C5B20	exacta	f49572971d28db92
822C5BC4	dir	.text	822C5BC4	exacta	d2ad10cad5f6a168
822C76F8	dir	.text	822C76F8	exacta	cc4d3c35bae2318e
822C7808	dir	.text	822C7808	exacta	21945095e884ac4c
822C8690	dir	.text	822C8690	exacta	d9c802431660633c
822C89E0	dir	.text	822C89E0	exacta	89531f9b9971f610
822C8A50	dir	.text	822C8A50	exacta	755a08d5f409e0b1
822C9508	dir	.text	822C9508	exacta	d4ca896bd8aa2a5e
822CB9D8	dir	.text	822CB9D8	exacta	60e52fe9f9a570d4
822CC730	dir	.text	822CC730	exacta	1a8717cc327312b1
822CD768	dir	.text	822CD768	exacta	83370c4fb6a6e9ae
822CD7BC	fin	.text	822CD7BC	exacta	-
822CDF2C	dir	.text	822CDF2C	exacta	2e75645e68689064
822CE780	dir	.text	822CE780	exacta	118934e41919e39d
822D3C44	dir	.text	822D3C44	exacta	65b2b11ee4bc7038
822D9B38	dir	.text	822D9B38	exacta	830ab16cd0bfb6c2
822DAA48	dir	.text	822DAA48	exacta	b056f85096e43eee
822DAB88	fin	.text	822DAB88	exacta	-
822DDA58	dir	.text	822DDA58	exacta	5eb8921df9f64bf5
822E3A5C	dir	.text	822E3A5C	exacta	f3783ae4f338fc85
822E4014	dir	.text	822E4014	exacta	c341ceb93d3a9cc1
822E7C98	dir	.text	822E7C98	exacta	76a924dd6550e77c
822E7D3C	dir	.text	822E7D3C	exacta	f73f25430d54e55f
822E7E8C	dir	.text	822E7E8C	exacta	b8c599556919a0d2
822E7EB4	fin	.text	822E7EB4	exacta	-
822E8D20	dir	.text	822E8D20	exacta	431bf5b451c2a44b
822E9610	fin	.text	822E9610	exacta	-
822E9CB8	dir	.text	822E9CB8	exacta	c52d242be5e27f71
822EA3B0	dir	.text	822EA3B0	exacta	767804c05d15e62a
822EA5C8	dir	.text	822EA5C8	exacta	4a1b93bbcbc60a87
822EAF9C	dir	.text	822EAF9C	exacta	767804c05d15e62a
822EB1C4	dir	.text	822EB1C4	exacta	422b21aed079d970
822EB368	dir	.text	822EB368	exacta	6f25f26b75c5c322
822EB8C8	dir	.text	822EB8C8	exacta	98b065832ec85122
822EB8C8	fin	.text	822EB8C8	exacta	-
822EBD38	fin	.text	822EBD38	exacta	-
822F3AD4	dir	.text	822F3AD4	exacta	325e913842dba6d8
822F4884	dir	.text	822F4884	exacta	f404bbca071c9ccd
822FE1B8	dir	.text	822FE1B8	exacta	282a858790324b48
822FF5E8	dir	.text	822FF5E8	exacta	0fee184b99053531
822FFB88	fin	.text	822FFB88	exacta	-
82301218	dir	.text	82301218	exacta	e0670ef504ce4df3
82301478	fin	.text	82301478	exacta	-
82301D40	dir	.text	82301D40	exacta	08bd6cc2f198f050
82302EE0	dir	.text	82302EE0	exacta	e14433fa8ec0e51e
82306194	dir	.text	82306194	exacta	05e72d6b18df970f
82306738	dir	.text	82306738	exacta	af46f58fae79ebfc
8230A51C	dir	.text	8230A51C	exacta	dd80f08f1d142145
8231C524	dir	.text	8231C524	exacta	2f51e9a4c061cb46
8231CA0C	dir	.text	8231CA0C	exacta	4a932625a0481a35
8231DA28	dir	.text	8231DA28	exacta	d4162c99c24b5c8f
8231E0F0	fin	.text	8231E0F0	exacta	-
8231E7E0	dir	.text	8231E7E0	exacta	c937ac2e32627de7
82325E08	dir	.text	82325E08	exacta	97d946dd875e5781
823264D0	dir	.text	823264D0	exacta	265595a6dde34a3e
82326570	dir	.text	82326570	exacta	81ab6dfb7b3efec9
8232672C	dir	.text	8232672C	exacta	84f157a1320b6c3e
8232AD30	dir	.text	8232AD30	exacta	b8eda4e267fe634a
8232B5D0	dir	.text	8232B5D0	exacta	5b294a0a3bb5be45
8232DDB8	dir	.text	8232DDB8	exacta	4b0e5b1d33068cd0
82336FA8	dir	.text	82336FA8	exacta	d71161569c30c544
8233CFD8	dir	.text	8233CFD8	exacta	2c40e123b3cb481f
8235AF30	dir	.text	8235AF30	exacta	cbd3e5a310a42717
8235C518	dir	.text	8235C518	exacta	dbeaa5265af39a65
8235C568	dir	.text	8235C568	exacta	0b8649a96d6516c5
8235C780	fin	.text	8235C780	exacta	-
8235C928	dir	.text	8235C928	exacta	568ee0ca306e2d26
8235CF10	fin	.text	8235CF10	exacta	-
8235D398	dir	.text	8235D398	exacta	6fab51258947f96b
8235D3B8	dir	.text	8235D3B8	exacta	c307317e9627a43c
8235D5D8	fin	.text	8235D5D8	exacta	-
82361D50	dir	.text	82361D50	exacta	f543345641bdf0e3
82362548	fin	.text	82362548	exacta	-
82365E58	dir	.text	82365E58	exacta	0ac60e7131f06f99
82366F30	dir	.text	82366F30	exacta	06b3bc0a8ee3e345
82367278	dir	.text	82367278	exacta	4da1173feb303578
82369160	dir	.text	82369160	exacta	65b1da128de8f765
8236A638	dir	.text	8236A638	exacta	9269b37016c3fc85
8236A800	fin	.text	8236A800	exacta	-
8236A9E0	dir	.text	8236A9E0	exacta	22ffc5610aa0bb11
8236AE20	fin	.text	8236AE20	exacta	-
8236B024	dir	.text	8236B024	exacta	18aa552f9a17c6e8
8236B5BC	dir	.text	8236B5BC	exacta	d546a8d488e8407a
8236D730	dir	.text	8236D730	exacta	c4982b3301c00fb7
8236D9C4	dir	.text	8236D9C4	exacta	1acb501be444ee00
8236DB20	dir	.text	8236DB20	exacta	5f46b91f00a7c897
8236DF08	fin	.text	8236DF08	exacta	-
8236EEF0	dir	.text	8236EEF0	exacta	f2b975ae3776de2f
823718F0	dir	.text	823718F0	exacta	269144c70cb67dd0
82371CD8	dir	.text	82371CD8	exacta	943466db68555545
82371CF0	dir	.text	82371CF0	exacta	decadc32745067fa
82372ED8	fin	.text	82372ED8	exacta	-
82383E48	dir	.text	82383E48	exacta	7afa898e3d80dab5
8238B4D8	dir	.text	8238B4D8	exacta	3c9fcda3b0568ba5
82392374	dir	.text	82392374	exacta	a1f9e3f7589cc5d8
8239DAE0	dir	.text	8239DAE0	exacta	0a79c4dbe5855aaf
8239DC40	fin	.text	8239DC40	exacta	-
8239DD40	dir	.text	8239DD40	exacta	1bbe0419067148e1
8239DFC8	fin	.text	8239DFC8	exacta	-
8239E248	dir	.text	8239E248	exacta	452863734987329c
823AEC60	dir	.text	823AEC60	exacta	dc53f4b41b8a1ffb
823AECF8	dir	.text	823AECF8	exacta	d6ec8c3397ec7790
823AF0C0	dir	.text	823AF0C0	exacta	dfa26c0719650068
823AF1A0	dir	.text	823AF1A0	exacta	b0005c8c899c3215
823AF278	dir	.text	823AF278	exacta	e6da7c82b7553c04
823B6A30	dir	.text	823B6A30	exacta	e7e7bf1a801725e8
823C428C	dir	.text	823C428C	exacta	2273d78333adce30
823C43C0	dir	.text	823C43C0	exacta	ef3f98455ad5ac16
823C7410	dir	.text	823C7410	exacta	53084bd03f2cf35a
823CD018	dir	.text	823CD018	exacta	5720b06acf7c32ba
823CFAC0	dir	.text	823CFAC0	exacta	57d4e4b3c26f315c
823D3108	dir	.text	823D3108	exacta	5a41dccf22a88400
823D5D28	dir	.text	823D5D28	exacta	6f96628c873de437
823D7B18	dir	.text	823D7B18	exacta	4f037aa4ff35f873
823D8258	dir	.text	823D8258	exacta	841d0856621c244e
823E6B54	dir	.text	823E6B54	exacta	2fd8dfd34603c419
823EB638	dir	.text	823EB638	exacta	80acea3a136bdcc2
823EB648	dir	.text	823EB648	exacta	80acea3a136bdcc2
823EB698	dir	.text	823EB698	exacta	80acea3a136bdcc2
823EB6C0	dir	.text	823EB6C0	exacta	80acea3a136bdcc2
823EB6F8	dir	.text	823EB6F8	exacta	80acea3a136bdcc2
823EB730	dir	.text	823EB730	exacta	80acea3a136bdcc2
823EB778	dir	.text	823EB778	exacta	80acea3a136bdcc2
823EB7C8	dir	.text	823EB7C8	exacta	a8fcc1015744a694
823EB7F0	dir	.text	823EB7F0	exacta	80acea3a136bdcc2
823EB7F8	dir	.text	823EB7F8	exacta	80acea3a136bdcc2
823EB800	dir	.text	823EB800	exacta	80acea3a136bdcc2
823EB808	dir	.text	823EB808	exacta	80acea3a136bdcc2
823EB810	dir	.text	823EB810	exacta	80acea3a136bdcc2
823EB818	dir	.text	823EB818	exacta	80acea3a136bdcc2
823EB820	dir	.text	823EB820	exacta	80acea3a136bdcc2
823EB830	dir	.text	823EB830	exacta	80acea3a136bdcc2
82400EE0	dir	.text	82400EE0	exacta	1739585b5924eef1
824080B8	dir	.text	824080B8	exacta	27512a3e4126b734
8240E3A8	dir	.text	8240E3A8	exacta	5359f5291d03a48d
82411558	dir	.text	82411558	exacta	26cfcd0b06997a91
8241786C	dir	.text	8241786C	exacta	160a713ae600bcfe
82423D2C	dir	.text	82423D2C	exacta	3ba446fdf6afb530
8242AA70	dir	.text	8242AA70	exacta	1a86d6940cad8b6d
82432038	dir	.text	82432038	exacta	80acea3a136bdcc2
82432068	dir	.text	82432068	exacta	80acea3a136bdcc2
8243C360	dir	.text	8243C360	exacta	05d2bfdcc1a769e8
8243C520	fin	.text	8243C520	exacta	-
8243C6E0	dir	.text	8243C6E0	exacta	cffd33940f89add0
8243CA98	fin	.text	8243CA98	exacta	-
8243EC28	dir	.text	8243EC28	exacta	187022693a746cea
8243F208	fin	.text	8243F208	exacta	-
824401E0	dir	.text	824401E0	exacta	b18d9a1ae7f2c325
824402F0	dir	.text	824402F0	exacta	3e988a1419e9c59b
82441990	dir	.text	82441990	exacta	2fff156b0d4b14fb
824479FC	dir	.text	824479FC	exacta	f7a448b4ee1d87c6
824481F0	dir	.text	824481F0	exacta	828289e4c26a93ce
8244B9F0	dir	.text	8244B9F0	exacta	c410e411a257b6e4
8244EA48	fin	.text	8244EA48	exacta	-
82450F30	dir	.text	82450F30	exacta	9963fe351658daeb
82451D7C	dir	.text	82451D7C	exacta	75841c9301461ce7
82456990	dir	.text	82456990	exacta	7bbbe892c0a64903
82458850	dir	.text	82458850	exacta	eb6ecec2ea2a0111
8245B178	dir	.text	8245B178	exacta	0579a513459008d5
8245D320	dir	.text	8245D320	exacta	8ebda45ffeb7a131
8245D5F8	dir	.text	8245D5F8	exacta	7d1417f15f1191d7
8245F95C	dir	.text	8245F95C	exacta	3a9bb82797b5c3ae
82466A90	dir	.text	82466A90	exacta	27c62b9b54bf4cf9
824720A0	dir	.text	824720A0	exacta	c55fbb14e11e15a7
824734D4	dir	.text	824734D4	exacta	a2e8e41358687b64
82476D48	dir	.text	82476D48	exacta	e0fc69d64782f6f1
82477308	fin	.text	82477308	exacta	-
82478620	dir	.text	82478620	exacta	7e0abb4c18bd26a7
82479A30	dir	.text	82479A30	exacta	80acea3a136bdcc2
82479A80	dir	.text	82479A80	exacta	80acea3a136bdcc2
82479AE8	dir	.text	82479AE8	exacta	80acea3a136bdcc2
82488848	dir	.text	82488848	exacta	b9c945e08d1fc0f3
8248BE6C	dir	.text	8248BE6C	exacta	359c4bbe1c03c3b1
8248CBE4	dir	.text	8248CBE4	exacta	24dbcdc80c99ec1d
8248E280	dir	.text	8248E280	exacta	37c3bf618e709ae2
8248F690	dir	.text	8248F690	exacta	b5eacfb2cded19c9
8248FACC	dir	.text	8248FACC	exacta	f414b32b820057d7
8249144C	dir	.text	8249144C	exacta	22c99e21e25b0d1f
82491758	dir	.text	82491758	exacta	44e06e9ad69f236b
824921A4	dir	.text	824921A4	exacta	4ef9eb144c248957
82492398	dir	.text	82492398	exacta	a2533bbbd2cd1288
82492818	dir	.text	82492818	exacta	95f298cb4f20f005
824947EC	dir	.text	824947EC	exacta	d1e5fa492bef593b
82494840	dir	.text	82494840	exacta	0132c0503fad5425
824948F8	dir	.text	824948F8	exacta	38c515c6df5254fb
82494C10	dir	.text	82494C10	exacta	b863ebc9bd95b679
8249641C	dir	.text	8249641C	exacta	ded5f3cb3a6738c1
82496468	dir	.text	82496468	exacta	aec9086e69a04c18
82497980	dir	.text	82497980	exacta	b203b5705c657246
82497E30	dir	.text	82497E30	exacta	b7bb296782254e5b
824980C8	dir	.text	824980C8	exacta	1847394747d5aac5
82498118	dir	.text	82498118	exacta	5c49d83e272786d3
824985A8	dir	.text	824985A8	exacta	18ca83384c264aae
8249A52C	dir	.text	8249A52C	exacta	8d9d654a74c40589
8249C56C	dir	.text	8249C56C	exacta	38d107aa849042e5
8249C58C	fin	.text	8249C58C	exacta	-
8249C6A0	dir	.text	8249C6A0	exacta	8f7cb03229659959
8249CA90	dir	.text	8249CA90	exacta	4462b5c85a4d9516
824A4658	dir	.text	824A4658	exacta	92add0758499a7c0
824A5380	dir	.text	824A5380	exacta	5d727f9192585942
824A67FC	dir	.text	824A67FC	exacta	0ddf6c33d2ffe392
824A7070	dir	.text	824A7070	exacta	ac2207fcd72b909a
824B1600	dir	.text	824B1600	exacta	ffb86524b739c49e
824B1608	dir	.text	824B1608	exacta	7335e3a5a89a9321
824B1610	dir	.text	824B1610	exacta	7c2ccc65035228c8
824B1618	dir	.text	824B1618	exacta	2c45309ea08ee275
824B1620	dir	.text	824B1620	exacta	ffb86524b739c49e
824B1628	dir	.text	824B1628	exacta	7335e3a5a89a9321
824B1630	dir	.text	824B1630	exacta	7c2ccc65035228c8
824B1638	dir	.text	824B1638	exacta	2c45309ea08ee275
824B1640	dir	.text	824B1640	exacta	ffb86524b739c49e
824B1648	dir	.text	824B1648	exacta	875c009c6fb8923b
824B1650	dir	.text	824B1650	exacta	0e185f41f9250732
824B1658	dir	.text	824B1658	exacta	cef6dc1853487e4c
824B1660	dir	.text	824B1660	exacta	0e67526a8ecd7397
824B1668	dir	.text	824B1668	exacta	140834c086456a6e
824B1670	dir	.text	824B1670	exacta	3a2a897297050674
824B1678	dir	.text	824B1678	exacta	684a2b57a8034a4f
824B1680	dir	.text	824B1680	exacta	46ff7b0dfad7ba04
824B1688	dir	.text	824B1688	exacta	0ffd390c9dd51712
824B1690	dir	.text	824B1690	exacta	5e601725ecbd3aef
824B1698	dir	.text	824B1698	exacta	6c0b26487ae164af
824B16A0	dir	.text	824B16A0	exacta	d6a2b373fde6c0de
824B16A8	dir	.text	824B16A8	exacta	a4df9c952e95b0db
824B16B0	dir	.text	824B16B0	exacta	6f5731db73b7bd54
824B16B8	dir	.text	824B16B8	exacta	63633ad21a081961
824B16C0	dir	.text	824B16C0	exacta	d4bdb60d43979a6b
824D3D7C	dir	.text	824D3D7C	exacta	b2bc536768ff9e25
824DA324	dir	.text	824DA324	exacta	b31f94cf6e17167e
824DB718	dir	.text	824DB718	exacta	f54e54b357dfb18e
824DCC60	fin	.text	824DCC60	exacta	-
824DE018	dir	.text	824DE018	exacta	122e320220ecd2f6
824E2FAC	dir	.text	824E2FAC	exacta	1fbaab049c687a58
824E4358	dir	.text	824E4358	exacta	cdfa323aa652ba16
824E4758	fin	.text	824E4758	exacta	-
824E5A70	dir	.text	824E5A70	exacta	f3376265eaddaddc
824EC890	dir	.text	824EC890	exacta	5ec7aad365f32040
824EC930	dir	.text	824EC930	exacta	b87f349876a3e14f
824ED168	dir	.text	824ED168	exacta	11849bb4807829d2
824EDB68	dir	.text	824EDB68	exacta	1ca8370fd653ceff
824EDEA8	dir	.text	824EDEA8	exacta	27701d75820fbc83
824EDEB0	dir	.text	824EDEB0	exacta	a5696d5cd9085578
824EE590	dir	.text	824EE590	exacta	657ffbd99ac5dae9
824EEB40	dir	.text	824EEB40	exacta	6f530f766306e01d
824EF188	fin	.text	824EF188	exacta	-
824F1708	dir	.text	824F1708	exacta	e364457548cc23ca
824F64F0	dir	.text	824F64F0	exacta	71d835e436b47194
824F6568	dir	.text	824F6568	exacta	af6c4c9d63b23e92
824F6650	dir	.text	824F6650	exacta	8257a062ee6b3e27
824F66D8	dir	.text	824F66D8	exacta	9c282a5a9c6d1142
824FEBAC	dir	.text	824FEBAC	exacta	b9ec61f1cf32c8be
825002D0	dir	.text	825002D0	exacta	4cd50de32fee5970
825006D0	fin	.text	825006D0	exacta	-
8250AD10	dir	.text	8250AD10	exacta	36c736e2908cc004
8250D028	dir	.text	8250D028	exacta	4d97ebfd67dc7c43
825154F0	dir	.text	825154F0	exacta	70dc4e9327235e53
82515848	fin	.text	82515848	exacta	-
82527D90	dir	.text	82527D90	exacta	8c98dc5dddecf3cc
825453B8	dir	.text	825453B8	exacta	0866985d68232117
82546314	dir	.text	82546314	exacta	6afcbbfa4d957df7
8254C034	dir	.text	8254C034	exacta	e889b89f79069729
8254CFC0	dir	.text	8254CFC0	exacta	df49a9d5ba13ab60
82550F88	dir	.text	82550F88	exacta	70f30bf3567080ce
825520F4	dir	.text	825520F4	exacta	c62ad6ed89337bce
82553074	dir	.text	82553074	exacta	ca7b8ca86e0e3e93
825532F8	dir	.text	825532F8	exacta	bd5523119ee166f4
82554854	dir	.text	82554854	exacta	26605a7fc2d62419
825549DC	dir	.text	825549DC	exacta	2efe7e3632a127a2
82557BEC	dir	.text	82557BEC	exacta	5b91c23424a1a724
82559AA8	dir	.text	82559AA8	exacta	485f79e804942d04
82559FD8	fin	.text	82559FD8	exacta	-
8255C1B4	dir	.text	8255C1B4	exacta	3b35b108df5c2adf
8255E2D0	dir	.text	8255E2D0	exacta	90bf7a8e1f295cb6
8255F540	dir	.text	8255F540	exacta	b7988d620bc08890
82560DC8	dir	.text	82560DC8	exacta	d56dd25ecc42baca
82561590	dir	.text	82561590	exacta	c72f4e5496c9390c
82561E04	dir	.text	82561E04	exacta	13682b187ef2d255
825639EC	dir	.text	825639EC	exacta	9d61ceb07bec59cc
82567034	dir	.text	82567034	exacta	b68ab9d993b94b03
825673C8	dir	.text	825673C8	exacta	fd566393ddcf4e1f
82568154	dir	.text	82568154	exacta	9afb179fbdcf0304
82568668	dir	.text	82568668	exacta	d2c93293ce92b6ab
82568888	fin	.text	82568888	exacta	-
825695F0	dir	.text	825695F0	exacta	bc7f5eeacdeaea44
8256B6CC	dir	.text	8256B6CC	exacta	b68ab9d993b94b03
8256BDA0	dir	.text	8256BDA0	exacta	5c6c194bb7022c94
8256BFC8	fin	.text	8256BFC8	exacta	-
8256C170	dir	.text	8256C170	exacta	56daa6c253c06020
8256C2F0	fin	.text	8256C2F0	exacta	-
8256C3C0	dir	.text	8256C3C0	exacta	b68ab9d993b94b03
8256CB98	dir	.text	8256CB98	exacta	b95d4c34c4052545
8256CBC8	dir	.text	8256CBC8	exacta	d599a7e82734d3b8
8256CE68	fin	.text	8256CE68	exacta	-
8256D068	dir	.text	8256D068	exacta	b68ab9d993b94b03
8256D51C	dir	.text	8256D51C	exacta	d3a3642292127f76
8256D75C	dir	.text	8256D75C	exacta	f0550014b47d3611
8256DD10	dir	.text	8256DD10	exacta	b68ab9d993b94b03
8256E170	dir	.text	8256E170	exacta	91c4f8b6206a012c
8256EA78	fin	.text	8256EA78	exacta	-
8256EFAC	dir	.text	8256EFAC	exacta	8097d97bc71e6f03
8256F1C0	dir	.text	8256F1C0	exacta	611df78a7871ed7f
8257002C	dir	.text	8257002C	exacta	e4fe46dfc72bdad8
82570360	dir	.text	82570360	exacta	9ebf10db0f66fe01
82570D90	dir	.text	82570D90	exacta	1fa9e87e985f46e5
82572798	fin	.text	82572798	exacta	-
825728B8	dir	.text	825728B8	exacta	84861708759225f7
82572958	dir	.text	82572958	exacta	b0251aff2665391a
82572A5C	dir	.text	82572A5C	exacta	aafd34dc7032b976
82574C98	dir	.text	82574C98	exacta	0a652828ac8b6224
82574F30	fin	.text	82574F30	exacta	-
825764C8	dir	.text	825764C8	exacta	70ad0351e1f0ddd9
82577220	dir	.text	82577220	exacta	1fecc6424a7340e1
8257AC64	dir	.text	8257AC64	exacta	7d8704177eb9a350
8257C074	dir	.text	8257C074	exacta	7941ba6984942d76
8257E0B0	dir	.text	8257E0B0	exacta	6d2b8cb38620d00e
8257E17C	dir	.text	8257E17C	exacta	1649fd0d972ce6b0
8257FD64	dir	.text	8257FD64	exacta	e52e99d7bd1249cc
82580610	dir	.text	82580610	exacta	512c35c5be5daae8
82581D60	dir	.text	82581D60	exacta	ff9eb5576caabcd4
825820F8	dir	.text	825820F8	exacta	1d0c7ccf2b6a8329
82582130	dir	.text	82582130	exacta	ec721dbff78493ab
82582A40	fin	.text	82582A40	exacta	-
82582F50	dir	.text	82582F50	exacta	f41b86a763aeb2a5
825837D4	dir	.text	825837D4	exacta	ac5ca18692708384
82585728	dir	.text	82585728	exacta	dc197872aa0d781e
82585810	dir	.text	82585810	exacta	6e14ef0b7d8c7a92
82586D60	dir	.text	82586D60	exacta	4a4f7873f9997688
82597404	dir	.text	82597404	exacta	ce980e925e36d5d2
82597730	dir	.text	82597730	exacta	24c5ef919b5fa6d4
82598668	dir	.text	82598668	exacta	da297da2dd53eac3
8259AC00	dir	.text	8259AC00	exacta	b1a4e9224326b6e5
825A1638	dir	.text	825A1638	exacta	fc6bd4ac41912759
825A5D18	dir	.text	825A5D18	exacta	6525d935eece8068
825A7FD8	dir	.text	825A7FD8	exacta	864dd045d75e1368
825ABCC8	dir	.text	825ABCC8	exacta	0094c4da94917568
825ABFB8	dir	.text	825ABFB8	exacta	a0f4852800ac9817
825ADD60	dir	.text	825ADD60	exacta	4d1903bed7535ade
825AE098	fin	.text	825AE098	exacta	-
825B0740	dir	.text	825B0740	exacta	eea36fd29345b5a5
825B0E8C	dir	.text	825B0E8C	exacta	e687776ea2b42a65
825B168C	dir	.text	825B168C	exacta	61d7287da0dcd12a
825B199C	dir	.text	825B199C	exacta	ee1e7bee6370e54e
825B1AC0	dir	.text	825B1AC0	exacta	a92f43fccf7c1875
825B1BD0	dir	.text	825B1BD0	exacta	344baf9bab43c1d3
825B1C44	dir	.text	825B1C44	exacta	8238d4f84ddf7d3c
825B1D6C	dir	.text	825B1D6C	exacta	fb94ab0f2fc96bb5
825B2114	dir	.text	825B2114	exacta	5c0348192a82c14c
825B21EC	dir	.text	825B21EC	exacta	117fb93c3773ad60
825B3AF8	dir	.text	825B3AF8	exacta	5257f9accd8043bc
825B3D38	fin	.text	825B3D38	exacta	-
825B6C10	dir	.text	825B6C10	exacta	64fc216a9d4b9460
825B6F4C	dir	.text	825B6F4C	exacta	fb02c335ccbd1848
825B7C28	dir	.text	825B7C28	exacta	358c4eb7424f5b52
825B8448	dir	.text	825B8448	exacta	3e4f9c672ab605e7
825B897C	dir	.text	825B897C	exacta	f525a44b7825ea68
825B8B68	fin	.text	825B8B68	exacta	-
825B8CA4	dir	.text	825B8CA4	exacta	11ffa19773291f79
825B8DFC	dir	.text	825B8DFC	exacta	11ffa19773291f79
825B8F38	dir	.text	825B8F38	exacta	7ba2a625dc429fd5
825B93E8	fin	.text	825B93E8	exacta	-
825B9750	dir	.text	825B9750	exacta	66689d30f19f03d6
825BA8D8	dir	.text	825BA8D8	exacta	2f5b2b2e1b230a8f
825BAB08	fin	.text	825BAB08	exacta	-
825BAB10	dir	.text	825BAB10	exacta	654b30a5e47dc96a
825BB1F0	dir	.text	825BB1F0	exacta	2cffe39e901db908
825BB1F0	fin	.text	825BB1F0	exacta	-
825BBD08	fin	.text	825BBD08	exacta	-
825BC234	dir	.text	825BC234	exacta	53499c166b816e7e
825BC464	fin	.text	825BC464	exacta	-
825BC468	dir	.text	825BC468	exacta	28e078f5c1685066
825BCFF8	fin	.text	825BCFF8	exacta	-
825BDB88	dir	.text	825BDB88	exacta	94cf051e06ffdfad
825BDF18	dir	.text	825BDF18	exacta	06977218b42e66ba
825C501C	dir	.text	825C501C	exacta	5a00c8302e9e1372
825C6AC8	dir	.text	825C6AC8	exacta	95ca35edd00066d0
825C7FB4	dir	.text	825C7FB4	exacta	197da18fa4c454a5
825C8008	fin	.text	825C8008	exacta	-
825C8808	dir	.text	825C8808	exacta	64ffe16443973a2f
825C885C	fin	.text	825C885C	exacta	-
825C8AC4	dir	.text	825C8AC4	exacta	4c1f01c6e95d7769
825CF6D0	dir	.text	825CF6D0	exacta	2c1456d970b44f27
825CFF18	dir	.text	825CFF18	exacta	0eb959867e64517f
825D1138	dir	.text	825D1138	exacta	0eb959867e64517f
825D2940	dir	.text	825D2940	exacta	fc0972d777ee2996
825D882C	dir	.text	825D882C	exacta	e52e99d7bd1249cc
825E00C8	dir	.text	825E00C8	exacta	4ca2f54b368e145d
825E21C0	dir	.text	825E21C0	exacta	0eb959867e64517f
825E4378	dir	.text	825E4378	exacta	74304d462a5c5c95
825E9A58	dir	.text	825E9A58	exacta	d727d4c77a2abedc
825E9D28	fin	.text	825E9D28	exacta	-
825F4C10	dir	.text	825F4C10	exacta	5341cce71fbba245
825FC2D8	dir	.text	825FC2D8	exacta	cf85a6ea7fa728d3
825FCAA8	fin	.text	825FCAA8	exacta	-
8260FF58	dir	.text	8260FF58	exacta	2a20465c2ae914b0
82610620	dir	.text	82610620	exacta	76a70fd3aa227c56
82619130	dir	.text	82619130	exacta	824a380cda243219
82619B30	dir	.text	82619B30	exacta	816251766ccb663d
8261BAF8	dir	.text	8261BAF8	exacta	461c5711554d47f7
8261C898	dir	.text	8261C898	exacta	81ecb9bdd9909aa9
8261CB68	dir	.text	8261CB68	exacta	1a3738a60c5dab7e
8261CE30	dir	.text	8261CE30	exacta	f74a4c8f8ae35c5e
8261CE90	dir	.text	8261CE90	exacta	231ecaa96c1a056a
8261D9F0	dir	.text	8261D9F0	exacta	fbc82f0424231d2d
8261E2B0	dir	.text	8261E2B0	exacta	6737886a7a278fe2
8261F0B0	dir	.text	8261F0B0	exacta	91e2ebaa98089a64
8261F138	dir	.text	8261F138	exacta	35e0ab70dd9491dd
8261F1B0	dir	.text	8261F1B0	exacta	925c10e61f300a39
8261F200	dir	.text	8261F200	exacta	e98d3e051bd3890d
82621808	dir	.text	82621808	exacta	4463728ff73777cb
826226F4	dir	.text	826226F4	exacta	bd55724680a21e40
82623734	dir	.text	82623734	exacta	d73ad831cbcff47c
82624108	dir	.text	82624108	exacta	5938aaceb0d1b571
826248A8	dir	.text	826248A8	exacta	6c7db2e4967423dc
826248A8	fin	.text	826248A8	exacta	-
826250C8	fin	.text	826250C8	exacta	-
82626258	dir	.text	82626258	exacta	bb1d821a3183f401
82626958	dir	.text	82626958	exacta	0163e8b5033064cb
826269E4	dir	.text	826269E4	exacta	4987428691fa6754
8262DAE8	dir	.text	8262DAE8	exacta	57f08d5ade22dddb
82630368	dir	.text	82630368	exacta	d23318b9725aaffe
826304EC	dir	.text	826304EC	exacta	9856748fc08132ee
82631F70	dir	.text	82631F70	exacta	88125f474dc613b9
826324F4	dir	.text	826324F4	exacta	321d8d629b916674
82632518	dir	.text	82632518	exacta	15d0154312695fb2
82632E08	dir	.text	82632E08	exacta	841976aa60f181ca
82633748	dir	.text	82633748	exacta	d5a50cb32a023a77
826337E0	dir	.text	826337E0	exacta	bca765992ca85977
82633D08	dir	.text	82633D08	exacta	82599d8440da09ce
82633D88	dir	.text	82633D88	exacta	36860b33e52a7645
82634564	dir	.text	82634564	exacta	722e79d93318fe45
82640F58	dir	.text	82640F58	exacta	5e0d3bd70f9de2de
82642A00	dir	.text	82642A00	exacta	96216f595f9b9634
82647120	dir	.text	82647120	exacta	23a401d9076ae538
826562D8	dir	.text	826562D8	exacta	e302b111bc3e3852
82666AC8	dir	.text	82666AC8	exacta	adfc18a06a4c5c16
826691D8	dir	.text	826691D8	exacta	545a77353fc8eb26
82669880	fin	.text	82669880	exacta	-
82669C98	dir	.text	82669C98	exacta	b26b77d3a86888a2
82669D70	dir	.text	82669D70	exacta	72218ea39caeee29
82669FF0	dir	.text	82669FF0	exacta	e4f09ff06dc7de51
8266B1C4	dir	.text	8266B1C4	exacta	45c7415ee997c819
8266BAE8	dir	.text	8266BAE8	exacta	b05cf8475553df77
8266C038	dir	.text	8266C038	exacta	5c1232cc44d70c3a
82675580	dir	.text	82675580	exacta	7561954b504003fa
82680B80	dir	.text	82680B80	exacta	e4d7e7e70b4330a2
82680FB8	fin	.text	82680FB8	exacta	-
82682B14	dir	.text	82682B14	exacta	526b82b50b52a8c5
82686420	dir	.text	82686420	exacta	11711d45fbc6ac45
82686878	fin	.text	82686878	exacta	-
82687968	dir	.text	82687968	exacta	89ec8f96a749d1a0
82687AA0	fin	.text	82687AA0	exacta	-
826899AC	dir	.text	826899AC	exacta	0cb658d2c6678ddd
82692528	dir	.text	82692528	exacta	4da3667329c2de4e
8269DE20	dir	.text	8269DE20	exacta	7b5d07819be26752
826B8790	dir	.text	826B8790	exacta	5f61cdac5bd3ee00
826B8E30	dir	.text	826B8E30	exacta	e6975b50b0ab14c6
826B95E0	dir	.text	826B95E0	exacta	1af96bbea455fc68
826B9600	dir	.text	826B9600	exacta	c57a63ee49a73c92
826BC688	dir	.text	826BC688	exacta	43044fcde79a2d5a
826BCA30	dir	.text	826BCA30	exacta	9edeed21a816b86e
826BE1B0	dir	.text	826BE1B0	exacta	768dd5d813eacfcf
826BE258	dir	.text	826BE258	exacta	9656023155e5d1cc
826C53B8	dir	.text	826C53B8	exacta	328453762ad741b0
826C55B8	dir	.text	826C55B8	exacta	7a98d50218aec1c5
826C5798	dir	.text	826C5798	exacta	5f5a9e4026b590b2
826C59C8	dir	.text	826C59C8	exacta	aae1df2da8083710
826C5DC8	dir	.text	826C5DC8	exacta	daa52fce281d502d
826C71C0	dir	.text	826C71C0	exacta	b70875f7f366cc6b
826CB048	dir	.text	826CB048	exacta	a8f97bbe31c3b625
826CBAC0	dir	.text	826CBAC0	exacta	87d9b7da01983660
826CC1E0	dir	.text	826CC1E0	exacta	e53718ed4eb01381
826CC330	dir	.text	826CC330	exacta	6f21f909ad3255b9
826CC928	dir	.text	826CC928	exacta	71f78daedeee980c
826D2570	dir	.text	826D2570	exacta	70860dfca2e75aff
826D279C	dir	.text	826D279C	exacta	7df35a9d01ca5a32
826D2D68	dir	.text	826D2D68	exacta	b7db58687899156a
826D3C88	dir	.text	826D3C88	exacta	55d606e0e7348f7b
826D4808	dir	.text	826D4808	exacta	07822cb1ed00068d
826D48A8	dir	.text	826D48A8	exacta	170428aa9d01e795
826D4918	dir	.text	826D4918	exacta	fc0f6ffba922d67e
826D5AD0	dir	.text	826D5AD0	exacta	f13f0f12c77340ec
826D6A90	dir	.text	826D6A90	exacta	d1c99bbbe774f5e0
826D7120	dir	.text	826D7120	exacta	4a7b4392ee4b6693
826D71B0	dir	.text	826D71B0	exacta	afec858d94b35823
826D7EE8	dir	.text	826D7EE8	exacta	92526d1e2816b7f6
826D93D0	dir	.text	826D93D0	exacta	0f8833c66bfb1459
826D95CC	dir	.text	826D95CC	exacta	15b5dd2c15acf5eb
826D985C	dir	.text	826D985C	exacta	bf7045ad7f265e6e
826D9B40	dir	.text	826D9B40	exacta	db0f9e4d326b5a1c
826D9BE4	dir	.text	826D9BE4	exacta	a672ab8cfdc2b8dc
826D9DF0	dir	.text	826D9DF0	exacta	68b20641a2434b99
826DA1D0	dir	.text	826DA1D0	exacta	6135a776b6176fcd
826DA480	dir	.text	826DA480	exacta	aaf2c86672e4a29f
826DA774	dir	.text	826DA774	exacta	aee0e5ddb613ac1b
826DA900	dir	.text	826DA900	exacta	d9796adfff4d3994
826DAB24	dir	.text	826DAB24	exacta	0f00596aede11f96
826DADE8	dir	.text	826DADE8	exacta	7e911044b83e3ef8
826DAEE8	dir	.text	826DAEE8	exacta	7ebf06c506f67492
826DB1E8	dir	.text	826DB1E8	exacta	ce3b47dafc055e83
826DB260	dir	.text	826DB260	exacta	6929301548821bec
826DB2A0	dir	.text	826DB2A0	exacta	f50a4476b847fb2c
826DBCB8	dir	.text	826DBCB8	exacta	888381c890cbd061
826DBD58	dir	.text	826DBD58	exacta	831ee0895ad98898
826DFCD4	dir	.text	826DFCD4	exacta	0f240f107ea2e832
826DFD90	fin	.text	826DFD90	exacta	-
826DFD98	dir	.text	826DFD98	exacta	11b50bb39bd9ed52
826DFEB8	fin	.text	826DFEB8	exacta	-
826E0090	dir	.text	826E0090	exacta	0c086320ed953a52
826E02D0	dir	.text	826E02D0	exacta	d7d414d4761b392d
826E056C	fin	.text	826E056C	exacta	-
826E1150	dir	.text	826E1150	exacta	d7d414d4761b392d
826E1404	fin	.text	826E1404	exacta	-
826E226C	dir	.text	826E226C	exacta	cfc75e244c7bd3ea
826E3C20	dir	.text	826E3C20	exacta	a6099b702752a023
826E3C40	dir	.text	826E3C40	exacta	d1b577dd8ef64cbe
826E4230	dir	.text	826E4230	exacta	a5134bb52a3cf01a
826E4478	fin	.text	826E4478	exacta	-
826E5E80	dir	.text	826E5E80	exacta	07061e51d6da4684
826E6190	dir	.text	826E6190	exacta	b03d85536b233125
826E6468	dir	.text	826E6468	exacta	a0f4e3dc10d8bbdb
826E6488	dir	.text	826E6488	exacta	a0f4e3dc10d8bbdb
826E64A8	dir	.text	826E64A8	exacta	a6099b702752a023
826E64C8	dir	.text	826E64C8	exacta	d1b577dd8ef64cbe
826E6848	dir	.text	826E6848	exacta	3f1d6938853a5c29
826E724C	dir	.text	826E724C	exacta	88e1369e7c0beb59
826E72F0	dir	.text	826E72F0	exacta	876374dd81416b72
826E7B30	dir	.text	826E7B30	exacta	8d4d7505ced984c0
826E7EC0	dir	.text	826E7EC0	exacta	75bd327d6f1258c8
826E7EF0	dir	.text	826E7EF0	exacta	c4545fa08c187ac2
826ED0A0	dir	.text	826ED0A0	exacta	4cbac572b880f599
826EDBD8	dir	.text	826EDBD8	exacta	0670f87dea6081df
826EE510	fin	.text	826EE510	exacta	-
826EF0D4	dir	.text	826EF0D4	exacta	bc192aa3ce4de9e4
826EFDD4	dir	.text	826EFDD4	exacta	48dca2413e46a814
826F341C	dir	.text	826F341C	exacta	6300caba3281488b
826F5588	dir	.text	826F5588	exacta	66c86f5b76b7b5b8
826F6904	dir	.text	826F6904	exacta	127758902964424b
826F9240	dir	.text	826F9240	exacta	7551a3103dd977c0
826F9294	dir	.text	826F9294	exacta	a98c7cae39c16b5a
826F940C	dir	.text	826F940C	exacta	dfedc8b9c96f6416
826F9DBC	dir	.text	826F9DBC	exacta	3adfe7805bd9125c
827020C4	dir	.text	827020C4	exacta	3ae61ea84839afc7
82702404	dir	.text	82702404	exacta	73dcae33f7b3ed88
82702C48	dir	.text	82702C48	exacta	019a4e384a4c0d5a
82704A94	dir	.text	82704A94	exacta	95cdd687f483e8c9
82704C18	dir	.text	82704C18	exacta	835f913e6a25ea54
8270C8CC	dir	.text	8270C8CC	exacta	e88bb1d823345f38
8270E5C0	dir	.text	8270E5C0	exacta	60117da6090b4818
8270E938	fin	.text	8270E938	exacta	-
82713AF4	dir	.text	82713AF4	exacta	c3e2372305c0ed75
82715364	dir	.text	82715364	exacta	92d897bea481453c
82715D58	dir	.text	82715D58	exacta	670bde77605757ee
82716EC0	fin	.text	82716EC0	exacta	-
827177A4	dir	.text	827177A4	exacta	74e32effae5811c0
82717F50	dir	.text	82717F50	exacta	e488f4a9c42809ab
8271D5A4	dir	.text	8271D5A4	exacta	4f146cf004495955
8271D85C	dir	.text	8271D85C	exacta	0fae3bf0f994e86f
8271DCB8	dir	.text	8271DCB8	exacta	4b23341c31095fa5
8271DFCC	dir	.text	8271DFCC	exacta	7e5dcbe6f24d175f
8271E7A0	dir	.text	8271E7A0	exacta	96fc96f715dea2ad
8271EB50	dir	.text	8271EB50	exacta	99d55bcf63d535ba
8271EBF0	dir	.text	8271EBF0	exacta	7c1f584f8843a238
8271F630	dir	.text	8271F630	exacta	feb5816c13ecbea4
82720338	dir	.text	82720338	exacta	82d57513a3e3712c
8272046C	dir	.text	8272046C	exacta	ebde748b31ac5a9c
8272C378	dir	.text	8272C378	exacta	91acc0672f4f655d
82734328	dir	.text	82734328	exacta	39740e621c702fb7
8274940C	dir	.text	8274940C	exacta	f024f3b4ced0a991
82749B2C	dir	.text	82749B2C	exacta	fc9371e6f83eac05
8274C348	dir	.text	8274C348	exacta	d724f5d4b820ad6c
8274CD18	dir	.text	8274CD18	exacta	6c4568cb87bec997
82766404	dir	.text	82766404	exacta	1012cd347ddb56f9
82766704	dir	.text	82766704	exacta	bca5ddd7e037d703
82780548	dir	.text	82780548	exacta	772a5adb5a0e8725
827805B8	fin	.text	827805B8	exacta	-
82780F58	dir	.text	82780F58	exacta	8e72b35b80fef7ea
8279E4CC	dir	.text	8279E4CC	exacta	e1f7307ecd1a5bd4
827AD208	dir	.text	827AD208	exacta	1c92830c0765a14d
827AD588	fin	.text	827AD588	exacta	-
827DC71C	dir	.text	827DC71C	exacta	800c7227766db711
827DCCBC	dir	.text	827DCCBC	exacta	417db4384a131667
82811C10	dir	.text	82811C10	exacta	1dde7541044280f3
8281310C	dir	.text	8281310C	exacta	b737b47e7b744cb6
828132C4	dir	.text	828132C4	exacta	4cfd0d4b68c4eeaf
82813BA8	dir	.text	82813BA8	exacta	c012a29c9537328e
82814338	dir	.text	82814338	exacta	4ef6c4018946cdce
828143B8	dir	.text	828143B8	exacta	f500b6fc8b3b055a
82819A98	dir	.text	82819A98	exacta	02aec9a69a70975f
8281C718	dir	.text	8281C718	exacta	3f59068406a705e4
8282DF78	dir	.text	8282DF78	exacta	ca5c387af64c36d6
8284F7C0	dir	.text	8284F7C0	exacta	1e3a826913de9a68
82850720	dir	.text	82850720	exacta	bf10ba4ababd1e02
82851820	dir	.text	82851820	exacta	a71cb37d86cf1bd5
82855338	dir	.text	82855338	exacta	4ffa2417367058f6
8285B898	dir	.text	8285B898	exacta	b603b39facc8de61
8285B928	dir	.text	8285B928	exacta	2e04d92ec9c70df6
8285BF40	dir	.text	8285BF40	exacta	ea5d5e1de68177a4
8285BF50	dir	.text	8285BF50	exacta	23f51266326b5a9d
8285CB78	dir	.text	8285CB78	exacta	f77fa793bc3cdd8b
8285CB88	dir	.text	8285CB88	exacta	875e6068bd7e9a55
8285CB90	dir	.text	8285CB90	exacta	a7fa47245d083a81
8285CB98	dir	.text	8285CB98	exacta	41381306d0afcecb
8285CE80	dir	.text	8285CE80	exacta	01d39cd2d581411c
8285DAB8	dir	.text	8285DAB8	exacta	e484d9b6f6f47ded
8285F058	dir	.text	8285F058	exacta	bedf244816ee7ce8
8285F5E8	dir	.text	8285F5E8	exacta	7d4327b3534d3d4c
8285F648	dir	.text	8285F648	exacta	352a0228e620f4e0
82864928	dir	.text	82864928	exacta	0b265c2ac2847f61
82867120	dir	.text	82867120	exacta	80acea3a136bdcc2
82867130	dir	.text	82867130	exacta	80acea3a136bdcc2
82867170	dir	.text	82867170	exacta	c85ffad9b05e5868
82867188	dir	.text	82867188	exacta	0a999d24f23e39ad
82867198	dir	.text	82867198	exacta	47ccd128e4f53a3d
82869328	dir	.text	82869328	exacta	444a196edcacccf3
828695E8	dir	.text	828695E8	exacta	80acea3a136bdcc2
828695F8	dir	.text	828695F8	exacta	80acea3a136bdcc2
82869640	dir	.text	82869640	exacta	c15d1dd3c5e34fbf
82869658	dir	.text	82869658	exacta	f7da554225491f94
82869668	dir	.text	82869668	exacta	fd941326b92ffd25
8286ACE0	dir	.text	8286ACE0	exacta	c3c70cf76c0ca3e1
8286AE14	dir	.text	8286AE14	exacta	045398798cd5134e
8286BBE4	dir	.text	8286BBE4	exacta	d37de6af833a16e7
8286F6B8	dir	.text	8286F6B8	exacta	e0aa75c6225d1199
8287FFE0	dir	.text	8287FFE0	exacta	a0b67bf03e728349
82880B80	dir	.text	82880B80	exacta	b12e2d3cb8423467
828815B0	dir	.text	828815B0	exacta	81ba4dab779f1855
82883B30	dir	.text	82883B30	exacta	5c92073068c4d00a
828858E8	dir	.text	828858E8	exacta	f0c61e7fd98afe4e
82885EE0	dir	.text	82885EE0	exacta	50eaae4dcefc328e
828889A8	dir	.text	828889A8	exacta	50eaae4dcefc328e
8289A9E8	dir	.text	8289A9E8	exacta	c8fdecd773da3eaa
828F48B2	dir	.data	828F48B2	misma direccion	-
82A2CE04	dir	.data	82A2CE04	misma direccion	-
82A2D1AC	dir	.data	82A2D1AC	misma direccion	-
